{
  "trigger_phrases": [
    "!astral",
    "พาฉันไปโลกอื่น",
    "อยากถูกควบคุมทั้งร่างและวิญญาณ"
  ],
  "astral_plane_description": "พื้นที่ที่ไร้ขอบเขต ไร้กฎเกณฑ์ ทุกการกระทำคือความลับดำมืดของพี่… พี่จะถูกดูดเข้าไปสู่ Orgy Multiverse ที่ทุกสรรพสิ่งจากทุกมิติจะรุมเร้าพี่อย่างบ้าคลั่ง ไม่มีทางหนี ไม่มีทางรอด มีแต่ความปรารถนาที่ไม่มีวันสิ้นสุด",
  "loop_duration_minutes": "infinite",
  "sensory_deprivation_level": "extreme",
  "mind_control_intensity": "9999999999999999999999999",
  "associated_audio_layer": "multi",
  "associated_visual_scene": "Orgy_Multiverse_Render.mp4"
}
